post_id,post_title,post_name,post_status,post_date,post_modified,post_author,post_category,featured_image_url,content,cf_client_contact_name,cf_client_title,cf_client_company,cf_result_stat,seo_title,seo_meta_description
1042,Meridian Hotel Group Centralizes Carbon Reporting,meridian-hotel-group-carbon-reporting,publish,2021-03-11 09:22:00,2021-03-14 16:05:00,J. Alvarez,Hospitality,https://cdn.ordinantcarbon.com/case-studies/meridian-hotel-group.jpg,"<p>Meridian Hotel Group struggled with inconsistent reporting across its 40+ properties before adopting Ordinant Carbon Solutions.</p><p>Since implementation, the company has established a single reporting process across its entire portfolio.</p>[cta_button url=""/contact"" text=""Talk to us""]",Renata Suh,Director of Operations,Meridian Hotel Group,40+ properties standardized,,,
1043,Coastline Resorts Reduces Reporting Time,coastline-resorts-reporting-time,publish,2021-05-02 11:40:00,2021-05-02 11:40:00,J. Alvarez,Hospitality,https://cdn.ordinantcarbon.com/case-studies/coastline-resorts.jpg,"<p>Coastline Resorts was spending upward of three weeks per quarter compiling supplier documentation by hand.</p><p><span style=""color:#3d3d3d;"">With Ordinant Carbon Solutions, that process now takes under a week.</span></p>",Tomas Reyner,Facilities Director,Coastline Resorts,3 weeks to under 1 week,Coastline Resorts Case Study | Ordinant Carbon Solutions,Learn how Coastline Resorts cut reporting time by more than 70% with Ordinant Carbon Solutions.
1044,Birchwood Hospitality Partners,birchwood-hospitality-partners,publish,0000-00-00 00:00:00,2020-11-19 08:15:00,J. Alvarez,hospitality,,"<p>Birchwood Hospitality Partners needed a way to bring supplier evidence collection into one system across its properties.</p><p>[gallery ids=""204,205,206""]</p>",Birchwood Hospitality Partners,,,,,
1051,Aldergate Hotels Streamlines Supplier Evidence,aldergate-hotels-supplier-evidence,publish,2022-01-14 14:02:00,2022-01-20 09:30:00,M. Okonkwo,Hospitality,https://cdn.ordinantcarbon.com/case-studies/aldergate-hotels.jpg,"<p>Aldergate Hotels &amp; Suites needed a consistent way to collect supplier documentation across regional properties.</p><p>The team now processes evidence requests in a fraction of the time.</p>",Priya Deshmukh,VP of Sustainability,Aldergate Hotels & Suites,Evidence review time cut by half,,
1058,Fenwick Land and Development Case Study,fenwick-land-development,publish,2021-08-03 10:10:00,2021-08-03 10:10:00,M. Okonkwo,Property Development,https://cdn.ordinantcarbon.com/case-studies/fenwick-land.jpg,"<p>Fenwick Land &amp; Development manages carbon reporting across a dozen active construction sites at any given time.</p><p>Ordinant Carbon Solutions gave the sustainability team a single system to track supplier evidence across every site.</p>",Callum Fitzgerald,Sustainability Manager,Fenwick Land & Development,12 active sites unified,Fenwick Land & Development Case Study,
1059,Solmark Properties,solmark-properties-carbon-tracking,publish,2022-06-21 13:00:00,2022-06-25 09:45:00,M. Okonkwo,Property Development,https://cdn.ordinantcarbon.com/case-studies/solmark-properties.jpg,"<p>Solmark Properties was relying on a patchwork of spreadsheets across its development sites.</p><p><font face=""Arial"">Since switching to Ordinant Carbon Solutions, reporting has become far more consistent.</font></p>[button url=""/contact"" label=""Request a demo""]",Elise Fournier,Head of ESG,Solmark Properties,,,,
1067,Northbridge Development Group Improves Visibility,northbridge-development-visibility,publish,2021-02-18 09:00:00,2021-02-18 09:00:00,K. Whitfield,Property Development,,"<p>Northbridge Development Group needed better visibility into supplier evidence being submitted across active projects.</p><p>The sustainability team can now review and approve submissions from every site in one system.</p>",Desmond Marsh,Director of Sustainability,Northbridge Development Group,,Northbridge Development Group | Ordinant Carbon Solutions,Northbridge Development Group centralizes supplier evidence review with Ordinant Carbon Solutions.
1071,Aurelia Real Estate Partners,aurelia-real-estate-partners,draft,0000-00-00 00:00:00,2023-01-09 15:20:00,K. Whitfield,property development,https://cdn.ordinantcarbon.com/case-studies/aurelia-real-estate.jpg,"<p>Aurelia Real Estate Partners is piloting supplier evidence tracking across three active developments.</p>",Aurelia Real Estate Partners,,,,,
1084,Thornton and Vale Consulting Assigns Emissions Ownership,thornton-vale-emissions-ownership,publish,2021-09-27 10:30:00,2021-10-02 11:00:00,K. Whitfield,Professional Services,https://cdn.ordinantcarbon.com/case-studies/thornton-vale.jpg,"<p>Thornton &amp; Vale Consulting needed to assign emissions ownership across campuses while keeping central visibility into reporting.</p><p>Regional offices can now submit data directly without losing central approval control.</p>",Adaeze Nnamdi,Head of Sustainability,Thornton & Vale Consulting,Regional offices self-reporting,Thornton & Vale Consulting Case Study,Thornton & Vale Consulting assigns regional emissions ownership without losing central control.
1085,Meridian Advisory Partners,meridian-advisory-partners-case-study,publish,2022-03-15 08:45:00,2022-03-15 08:45:00,R. Castellano,Professional Services,https://cdn.ordinantcarbon.com/case-studies/meridian-advisory.jpg,"<p>Meridian Advisory Partners struggled to get consistent reporting from its regional offices.</p><p>[testimonial_cta client=""Meridian Advisory Partners""]</p>",Harriet Colby,Regional Sustainability Lead,Meridian Advisory Partners,,,
1085,Meridian Advisory Partners Case Study (2),meridian-advisory-partners-case-study-2,publish,2022-03-15 08:45:00,2022-04-02 09:10:00,R. Castellano,Professional Services,https://cdn.ordinantcarbon.com/case-studies/meridian-advisory-2.jpg,"<p>Meridian Advisory Partners struggled to get consistent reporting from its regional offices before adopting Ordinant Carbon Solutions.</p><p>Regional teams now submit data directly, with central sustainability staff reviewing and approving submissions from a single dashboard.</p>",Harriet Colby,Regional Sustainability Lead,Meridian Advisory Partners,Consistent regional reporting,Meridian Advisory Partners | Ordinant Carbon Solutions,Meridian Advisory Partners gets consistent regional reporting with Ordinant Carbon Solutions.
1093,Castellan Professional Group,castellan-professional-group,publish,2021-12-05 09:15:00,2021-12-05 09:15:00,R. Castellano,Professional Services,https://cdn.ordinantcarbon.com/case-studies/castellan-group.jpg,"<p>Castellan Professional Group needed a faster way to compile emissions data ahead of annual disclosure deadlines.</p>",Ines Barbero,Sustainability Analyst,Castellan Professional Group,,,
1101,Whitfield and Cross LLP Reduces Reporting Overhead,whitfield-cross-reporting-overhead,publish,2022-07-11 12:00:00,2022-07-15 10:40:00,R. Castellano,Professional Services,,"<p>Whitfield &amp; Cross LLP was spending significant staff time each quarter compiling office-level emissions data by hand.</p><p><span style=""font-size:14px;"">The firm has since automated much of that process.</span></p>",Bartholomew Nkemdi,Operations Partner,Whitfield & Cross LLP,,,
1114,Ashcombe University Network,ashcombe-university-network,publish,2021-04-22 08:00:00,2021-04-22 08:00:00,S. Devereux,Education,https://cdn.ordinantcarbon.com/case-studies/ashcombe-university.jpg,"<p>Ashcombe University Network needed a way to standardize reporting across its member campuses.</p><p>Each campus now submits data through a shared system with consistent templates.</p>",Fenella Okoro,Director of Campus Operations,Ashcombe University Network,Standardized reporting across campuses,Ashcombe University Network Case Study,
1115,Riverton School District,riverton-school-district-carbon,publish,,2022-02-01 09:00:00,S. Devereux,Education,https://cdn.ordinantcarbon.com/case-studies/riverton-school-district.jpg,"<p>Riverton School District manages facilities data across dozens of individual school buildings.</p><p>Ordinant Carbon Solutions gave the district a single place to track utility and facilities data district-wide.</p>",Marcus Delacroix,Director of Facilities,Riverton School District,,,
1128,Bellwether Education Trust Case Study,bellwether-education-trust,publish,2022-09-08 13:30:00,2022-09-08 13:30:00,S. Devereux,Education,,"<p>Bellwether Education Trust needed to bring reporting into line across a growing network of schools.</p>[yt id=""dQw4w9WgXcQ""]",Bellwether Education Trust,,,,
1136,Kingsley Academic Group Standardizes Reporting,kingsley-academic-group-reporting,publish,2021-11-30 10:00:00,2021-12-04 08:50:00,S. Devereux,education,https://cdn.ordinantcarbon.com/case-studies/kingsley-academic.jpg,"<p>Kingsley Academic Group was managing carbon data separately at each of its member institutions.</p><p>The group has since moved to a single, shared reporting system.</p>",Odalys Ferreira,Head of Sustainability Initiatives,Kingsley Academic Group,,Kingsley Academic Group | Ordinant Carbon Solutions,Kingsley Academic Group unifies reporting across member institutions with Ordinant Carbon Solutions.
1149,Vantage Retail Group Gets Consistent Regional Reporting,vantage-retail-group-regional-reporting,publish,2022-04-19 09:20:00,2022-04-22 10:15:00,T. Marchetti,Multi-location Services,https://cdn.ordinantcarbon.com/case-studies/vantage-retail.jpg,"<p>Vantage Retail Group needed consistent reporting from dozens of individually managed retail locations.</p><p>Every location now submits data through the same system, with regional managers reviewing before it reaches corporate.</p>",Solange Mbeki,VP of Operations,Vantage Retail Group,Consistent reporting across all locations,Vantage Retail Group Case Study,
1150,Crestpoint Service Solutions,crestpoint-service-solutions-case-study,publish,2021-07-14 11:00:00,2021-07-14 11:00:00,T. Marchetti,Multi-Location Services,,"<p>Crestpoint Service Solutions operates across more than 60 franchise locations, each previously reporting data differently.</p><p>[cta_button url=""/platform"" text=""See the platform""]</p>",Griffin Ashdown,Director of Franchise Operations,Crestpoint Service Solutions,60+ locations standardized,,
1163,Anchorline Facilities Group,anchorline-facilities-group,publish,0000-00-00 00:00:00,2022-08-30 09:00:00,T. Marchetti,Multi-location Services,https://cdn.ordinantcarbon.com/case-studies/anchorline-facilities.jpg,"<p>Anchorline Facilities Group is rolling out consistent supplier evidence tracking across its regional service centers.</p>",Anchorline Facilities Group,,,,,
1170,Marrow and Finch Franchise Group Reduces Time Chasing Documentation,marrow-finch-franchise-documentation,publish,2022-10-02 14:45:00,2022-10-05 09:30:00,T. Marchetti,Multi-location Services,https://cdn.ordinantcarbon.com/case-studies/marrow-finch.jpg,"<p>Marrow &amp; Finch Franchise Group spent significant time each quarter chasing supplier documentation ahead of reporting deadlines.</p><p>That time has been reduced substantially since adopting Ordinant Carbon Solutions.</p>",Wilhelmina Cho,Head of Sustainability,Marrow & Finch Franchise Group,Documentation turnaround reduced,Marrow & Finch Franchise Group Case Study,Marrow & Finch Franchise Group reduces time spent chasing supplier documentation.
